Tenant ID,Chemical ID,Chemical Name,CAS Number,No CAS Number?,Alternate ID,Is Ehs?,Pure or Mixture?,Is Solid?,Is Liquid?,Is Gas?,Is Trade Secret?,Density,Density Units,Physical Hazards,Health Hazards,Oregon Hazards,IFC Hazards,No Hazards - Not Reporting?,EHS Form,Needs Review?
acf4d48d-cb7d-488e-86c8-da5c12349bef,c3efd744-5917-4e8a-b078-a36e75280d61,Toyota Long Life Antifreeze/Coolant,107-21-1,FALSE,00272-1LLAC,TRUE,MIXTURE,FALSE,TRUE,FALSE,TRUE,1.13,KILOGRAMS_PER_LITER,CORROSIVE_TO_METAL,SKIN_IRRITANT|EYE_IRRITANT|CAUSES_RESPIRATORY_OR_SKIN_SENSITIZATION|SPECIFIC_TARGET_ORGAN_TOXICITY,,,FALSE,NONE,
acf4d48d-cb7d-488e-86c8-da5c12349bef,c66a3020-1fd7-44c5-a326-25aa21dacd65,NAPA Orange 50/50 Prediluted Antifreeze and Coolant,,TRUE,,FALSE,MIXTURE,FALSE,TRUE,FALSE,FALSE,1.06,KILOGRAMS_PER_LITER,,ACUTE_TOXICITY|REPRODUCTIVE_TOXICITY|SPECIFIC_TARGET_ORGAN_TOXICITY,,,FALSE,NONE,
acf4d48d-cb7d-488e-86c8-da5c12349bef,10c85505-fa72-4b6d-bd53-4a27671e601e,ACDELCO FULL SYNTHETIC MOTOR OIL 5W-30 - dexos1:GEN2,,TRUE,20201010E0C0,FALSE,MIXTURE,FALSE,TRUE,FALSE,TRUE,0.85,KILOGRAMS_PER_LITER,,,,,TRUE,NONE,
acf4d48d-cb7d-488e-86c8-da5c12349bef,74404669-a4b5-47d0-9da1-c9952c712b20,DURAGARD® 100% Synthetic SAE 0W-20 Motor Oil dexos1® Approved-Gen2,,TRUE,DURDEXOS1-0W20,FALSE,MIXTURE,FALSE,TRUE,FALSE,TRUE,0.85,KILOGRAMS_PER_LITER,,,,,TRUE,NONE,
acf4d48d-cb7d-488e-86c8-da5c12349bef,721e8ba0-b7f2-4b2f-a0f2-09f0853d7bd5,POWERZOL™ ZG6000,,TRUE,"10-3015, 19355198",FALSE,MIXTURE,FALSE,TRUE,FALSE,TRUE,7.36,POUNDS_PER_GALLON,FLAMMABLE,SKIN_IRRITANT|EYE_IRRITANT|CARCINOGENIC|REPRODUCTIVE_TOXICITY|SPECIFIC_TARGET_ORGAN_TOXICITY|ASPIRATION_HAZARD,,FLAMMABLE|CORROSIVE,FALSE,NONE,
acf4d48d-cb7d-488e-86c8-da5c12349bef,56fde5d5-f121-4280-8b72-1d7e9d4216ad,Lucas Synthetic SAE 5W-30 API SN ILSAC GF-5,Not applicable.,TRUE,Not available.,FALSE,MIXTURE,FALSE,TRUE,FALSE,FALSE,0.8718,KILOGRAMS_PER_LITER,,,,,TRUE,NONE,
acf4d48d-cb7d-488e-86c8-da5c12349bef,1ebe6750-af13-46df-a42d-399819628266,TOYOTA SCAQMD Brake Cleaner,,TRUE,00289-SCBRK-D / BJ0729Brake Wash,FALSE,MIXTURE,FALSE,TRUE,FALSE,FALSE,0.8,UNKNOWN,FLAMMABLE,ACUTE_TOXICITY|SKIN_IRRITANT|EYE_IRRITANT|ASPIRATION_HAZARD|SPECIFIC_TARGET_ORGAN_TOXICITY,,FLAMMABLE,FALSE,NONE,
acf4d48d-cb7d-488e-86c8-da5c12349bef,74e690ab-a5e5-4d65-a965-b38ddd9d583a,MANNOL Automatic Special ATF WS,,TRUE,,FALSE,MIXTURE,FALSE,TRUE,FALSE,FALSE,0.84,KILOGRAMS_PER_LITER,,,,,TRUE,NONE,
acf4d48d-cb7d-488e-86c8-da5c12349bef,69e6ccbe-4183-45f7-80fd-f3d480b4b754,UNLEADED GASOLINE FOR EXPORT,86290-81-5,FALSE,4316,FALSE,MIXTURE,FALSE,TRUE,FALSE,FALSE,0.8,KILOGRAMS_PER_LITER,FLAMMABLE,ACUTE_TOXICITY|SKIN_IRRITANT|EYE_IRRITANT|CAUSES_RESPIRATORY_OR_SKIN_SENSITIZATION|GERM_CELL_MUTAGENIC|CARCINOGENIC|REPRODUCTIVE_TOXICITY|SPECIFIC_TARGET_ORGAN_TOXICITY,,FLAMMABLE,FALSE,NONE,
acf4d48d-cb7d-488e-86c8-da5c12349bef,7eaf6383-7c9f-4a7e-8d68-c2b5d4f739fe,Compressor Oil,,TRUE,SL22133,FALSE,MIXTURE,FALSE,TRUE,FALSE,TRUE,0.92,KILOGRAMS_PER_LITER,,,,,TRUE,NONE,
acf4d48d-cb7d-488e-86c8-da5c12349bef,85d15a05-7544-40f0-b928-6177c44d2482,Valvoline™ Full Synthetic Advanced SAE 0W-16 Motor Oil,,TRUE,888054,FALSE,MIXTURE,FALSE,TRUE,FALSE,FALSE,0.845,KILOGRAMS_PER_LITER,,,,,TRUE,NONE,
acf4d48d-cb7d-488e-86c8-da5c12349bef,70e01d10-5a77-461b-91a0-dd159002a79c,Sta-Lube(R) Air Tool Oil,,TRUE,"SL2531, SL2533",FALSE,MIXTURE,FALSE,TRUE,FALSE,FALSE,0.95,KILOGRAMS_PER_LITER,,SKIN_IRRITANT|EYE_IRRITANT,,,FALSE,NONE,
acf4d48d-cb7d-488e-86c8-da5c12349bef,0613f9a5-95ef-44fa-9411-8fffc83d8ece,TOYOTA ATF TYPE T-IV,,TRUE,TCI-10227,FALSE,MIXTURE,FALSE,TRUE,FALSE,FALSE,0.85,KILOGRAMS_PER_LITER,,SKIN_IRRITANT|EYE_IRRITANT|ACUTE_TOXICITY,,COMBUSTIBLE,FALSE,NONE,
acf4d48d-cb7d-488e-86c8-da5c12349bef,b16beaf2-55e4-47e9-a2a0-d15132af2d12,0W-20 DEXOS FL SYN,,TRUE,00C60209,FALSE,MIXTURE,FALSE,TRUE,FALSE,FALSE,0.85,KILOGRAMS_PER_LITER,,HAZARD_NOT_OTHERWISE_CLASSIFIED_HEALTH,,COMBUSTIBLE,TRUE,NONE,
acf4d48d-cb7d-488e-86c8-da5c12349bef,89521e1c-db91-49cf-b7c5-df060718b675,Hydraulic & Jack Oil,,TRUE,"SL2552, SL2553, SL2555, SL2621",FALSE,MIXTURE,FALSE,TRUE,FALSE,FALSE,0.9,KILOGRAMS_PER_LITER,,SKIN_IRRITANT|EYE_IRRITANT|SPECIFIC_TARGET_ORGAN_TOXICITY,,,TRUE,NONE,
acf4d48d-cb7d-488e-86c8-da5c12349bef,94df53b9-0414-4f6c-9586-c77f2d74fdcb,Lucas Power Steering Fluid with Conditioners,Not applicable.,TRUE,10442,FALSE,MIXTURE,FALSE,TRUE,FALSE,FALSE,0.854,KILOGRAMS_PER_LITER,,,,,TRUE,NONE,
acf4d48d-cb7d-488e-86c8-da5c12349bef,53e1e898-2919-40bd-9faa-75f20a741d10,Fuel Injector Clean Up,,TRUE,C40,FALSE,MIXTURE,FALSE,TRUE,FALSE,FALSE,0.83,KILOGRAMS_PER_LITER,FLAMMABLE,SKIN_IRRITANT|ACUTE_TOXICITY|GERM_CELL_MUTAGENIC|CARCINOGENIC|ASPIRATION_HAZARD,,TOXIC,FALSE,NONE,
acf4d48d-cb7d-488e-86c8-da5c12349bef,1f803b93-2902-43e4-baab-e31836b88d06,Robinair Premium High Vacuum Pump Oil,64742-54-7,FALSE,"RA 13203, RA 13204; RA 13119",FALSE,MIXTURE,FALSE,TRUE,FALSE,FALSE,0.867,KILOGRAMS_PER_LITER,,,,,TRUE,NONE,
acf4d48d-cb7d-488e-86c8-da5c12349bef,7f4b554e-366f-4445-b95b-9a3043d7c553,JOHNSEN'S PREMIUM DOT 3 BRAKE FLUID 12 FL.OZ.,,TRUE,2212,FALSE,MIXTURE,FALSE,TRUE,FALSE,FALSE,1.075,KILOGRAMS_PER_LITER,,ACUTE_TOXICITY|SKIN_IRRITANT|EYE_IRRITANT|REPRODUCTIVE_TOXICITY|SPECIFIC_TARGET_ORGAN_TOXICITY,,,TRUE,NONE,
acf4d48d-cb7d-488e-86c8-da5c12349bef,4acf93ba-ac3d-4add-b8e6-e4e750126c1d,"TP-3090, DYE-LITE GASOLINE ENGINE OIL UV LEAK DETECTION DYE",Trade secret,TRUE,TP-3090,FALSE,MIXTURE,FALSE,TRUE,FALSE,TRUE,0.87944,KILOGRAMS_PER_LITER,,ASPIRATION_HAZARD,,,FALSE,NONE,
acf4d48d-cb7d-488e-86c8-da5c12349bef,89fe1e37-6138-456b-a491-f0a33fe1d86b,4116 50/50 Prediluted Antifreeze and Coolant,,TRUE,4116,FALSE,MIXTURE,FALSE,TRUE,FALSE,FALSE,8.84,POUNDS_PER_GALLON,,ACUTE_TOXICITY|SPECIFIC_TARGET_ORGAN_TOXICITY,,,FALSE,NONE,
acf4d48d-cb7d-488e-86c8-da5c12349bef,0537f744-a6d6-42d7-ae29-00322fb0a473,BG 332 Premium Power Steering Fluid,,TRUE,332P,FALSE,MIXTURE,FALSE,TRUE,FALSE,FALSE,0.8581,KILOGRAMS_PER_LITER,,,,,TRUE,NONE,
acf4d48d-cb7d-488e-86c8-da5c12349bef,4e4f5b00-cd2d-4893-997e-dfb24e1862ea,MOBIL 1 5W-30,N/A,TRUE,"201510101040, 481119-00",FALSE,MIXTURE,FALSE,TRUE,FALSE,FALSE,0.852,KILOGRAMS_PER_LITER,,,,,TRUE,NONE,
acf4d48d-cb7d-488e-86c8-da5c12349bef,26771274-bcc2-43a3-b71b-bc8eca582915,Valvoline™ SYNTHETIC DOT 3&4 BRAKE FLUID,,TRUE,601458,FALSE,MIXTURE,FALSE,TRUE,FALSE,FALSE,1.08,KILOGRAMS_PER_LITER,CORROSIVE_TO_METAL,EYE_IRRITANT|REPRODUCTIVE_TOXICITY,,,FALSE,NONE,